{"IcoMoonType":"selection","icons":[{"icon":{"paths":["M726 554v-84h-172v-172h-84v172h-172v84h172v172h84v-172h172zM512 86q176 0 301 125t125 301-125 301-301 125-301-125-125-301 125-301 301-125z"],"attrs":[{}],"isMulticolor":false,"isMulticolor2":false,"grid":0,"tags":["add"]},"attrs":[{}],"properties":{"order":60,"id":10,"name":"add","prevSize":32,"code":59648},"setIdx":0,"setId":4,"iconIdx":0}],"height":1024,"metadata":{"name":"sell-icon"},"preferences":{"showGlyphs":true,"showQuickUse":true,"showQuickUse2":true,"showSVGs":true,"fontPref":{"prefix":"icon-","metadata":{"fontFamily":"sell-icon","majorVersion":1,"minorVersion":0},"metrics":{"emSize":1024,"baseline":6.25,"whitespace":50},"embed":false},"imagePref":{"prefix":"icon-","png":true,"useClassSelector":true,"color":0,"bgColor":16777215,"classSelector":".icon","name":"icomoon"},"historySize":50,"showCodes":true,"gridSize":16}}